"model","R2","F_stat","pvalue"
"Compartment only",0.0532276073160823,89.3336864053361,0.001
"Region only",0.10038933712526,39.3175750801338,0.001
"Compartment | Region",0.0360159244802715,66.0810295453405,0.001
"Region | Compartment",0.0831776543853261,33.9137948700051,0.001
